title,price,picture
Sticks de Ternera en Monodosis para Perro - 12 Unidades.,2.80 €,https://www.petsonic.com/12046-large_default/sticks-de-ternera-en-monodosis-para-perro.jpg
Sticks de Pollo en Monodosis para Perro - 16 Unidades,1.85 €,https://www.petsonic.com/12047-large_default/sticks-de-pollo-en-monodosis-para-perro.jpg
Sticks de Higado en Monodosis para Perro - 16 Unidades,2.80 €,https://www.petsonic.com/12049-large_default/sticks-dehigado-en-monodosis-para-perro.jpg
Sticks de Pato en Monodosis para Perro - 16 Unidades,2.80 €,https://www.petsonic.com/12050-large_default/sticks-de-pato-en-monodosis-para-perro.jpg
Sticks de Cordero en Monodosis para Perro - 16 Unidades,2.80 €,https://www.petsonic.com/12051-large_default/sticks-de-cordero-en-monodosis-para-perro.jpg
Sticks de Queso en Monodosis para Perro - 16 Unidades,3.08 €,https://www.petsonic.com/12048-large_default/sticks-de-queso-en-monodosis-para-perro.jpg
Barritas de Ternera con Omega-3 para Perro - 1 Kg.,15.80 €,https://www.petsonic.com/11134-large_default/hobbit-alf-barritas-ternera-omega-3-para-perros.jpg
Barritas de Pollo con Omega-3 para Perro - 1 Kg.,15.80 €,https://www.petsonic.com/11133-large_default/hobbit-alf-barritas-pollo-omega-3-para-perros.jpg
Barritas de Cordero Omega-3 para Perro - 1 Kg.,15.80 €,https://www.petsonic.com/11132-large_default/hobbit-alf-barritas-cordero-omega-3-para-perros.jpg
Palitos Tiernos de Ternera para Perro - 13 Unidades.,2.95 €,https://www.petsonic.com/5863-large_default/hobbit-alf-palitos-tiernos-ternera-para-perros.jpg
Barritas Redonda de Ternera para Perro - 400 Gr.,4.20 €,https://www.petsonic.com/3121-large_default/hobbit-alf-barritas-redonda-ternera-para-perros.jpg
Barritas Redonda de Ternera para Perro - 400 Gr. - 900 Gr.,7.80 €,https://www.petsonic.com/3121-large_default/hobbit-alf-barritas-redonda-ternera-para-perros.jpg
Barritas Redonda de Cordero para Perro - 400 Gr.,4.20 €,https://www.petsonic.com/3126-large_default/hobbit-alf-barritas-redonda-cordero-para-perros.jpg
Barritas Redonda de Cordero para Perro - 400 Gr. - 900 Gr.,7.80 €,https://www.petsonic.com/3126-large_default/hobbit-alf-barritas-redonda-cordero-para-perros.jpg
Barritas Redonda de Pollo para Perro - 400 Gr.,4.20 €,https://www.petsonic.com/3128-large_default/hobbit-alf-barritas-redonda-pollo-para-perros.jpg
Barritas Redonda de Pollo para Perro - 400 Gr. - 900 Gr.,7.80 €,https://www.petsonic.com/3128-large_default/hobbit-alf-barritas-redonda-pollo-para-perros.jpg
Delidog Barritas de Buey - 800 Gr.,8.10 €,https://www.petsonic.com/8018-large_default/delidog-barritas-buey-para-perros.jpg
Delidog Barritas de Cordero - 800 Gr.,8.10 €,https://www.petsonic.com/8019-large_default/delidog-barritas-cordero-para-perros.jpg
Delidog Barritas de Pollo - 800 Gr.,8.10 €,https://www.petsonic.com/8020-large_default/delidog-barritas-pollo-para-perros.jpg
Delidog Barritas de Salmón - 800 Gr.,8.10 €,https://www.petsonic.com/8021-large_default/delidog-barritas-salmon-para-perros.jpg
Delidog Barritas Grain Free - 800 Gr.,8.10 €,https://www.petsonic.com/8022-large_default/delidog-barritas-grain-free-para-perros.jpg
Barrita de Cordero - 500 Gr.,4.70 €,https://www.petsonic.com/3194-large_default/nayeco-barrita-cordero-para-perros.jpg
Rollito de Tripa Relleno de Yogur para Perro - 100 Unidades,64.45 €,https://www.petsonic.com/7167-large_default/trixie-rollito-tripa-relleno-yogur-para-perros.jpg
Snack Dentalife para Perros Mini - 7 Unidades.,1.65 €,https://www.petsonic.com/11184-large_default/purina-pro-plan-snack-dentalife-mini-para-perros.jpg
Snack Dentalife para Perros Mini - 7 Unidades. - 21 unidades,4.30 €,https://www.petsonic.com/11184-large_default/purina-pro-plan-snack-dentalife-mini-para-perros.jpg
Snack Dentalife para Perros Medianos - 5 Unidades.,1.70 €,https://www.petsonic.com/11186-large_default/purina-pro-plan-snack-dentalife-medianos-para-perros.jpg
Snack Dentalife para Perros Medianos - 5 Unidades. - 15 Unidades.,3.50 €,https://www.petsonic.com/11186-large_default/purina-pro-plan-snack-dentalife-medianos-para-perros.jpg
Snack Dentalife para Perros Grandes - 4 Unidades,1.99 €,https://www.petsonic.com/11189-large_default/purina-pro-plan-snack-dentalife-grandes-para-perros.jpg
Snack Dentalife para Perros Grandes - 4 Unidades - 12 Unidades.,3.60 €,https://www.petsonic.com/11189-large_default/purina-pro-plan-snack-dentalife-grandes-para-perros.jpg
Snacks Crispy Duck para Perro - 100 Gr.,3.95 €,https://www.petsonic.com/12124-large_default/snacks-cripspy-duck-para-perro.jpg
Snack Pollo y Merluza para Perro - 75 Gr.,1.95 €,https://www.petsonic.com/12125-large_default/snack-pollo-merluza-para-perro.jpg
